Full Name *,Email *,Password *,Employee ID *,Phone,Polling Station ID or Code
Rajesh Kumar Reddy,rajesh.kdp001@evm.gov.in,Officer@12345,EO-KDP-001,+91-9848011001,PS-KDP-001
Suresh Babu Varma,suresh.kdp002@evm.gov.in,Officer@12345,EO-KDP-002,+91-9848011002,PS-KDP-002
Venkata Ramaniah,vraman.bdv001@evm.gov.in,Officer@12345,EO-BDV-001,+91-9848011003,PS-BDV-001
Lakshmi Narayana,lakshmi.bdv002@evm.gov.in,Officer@12345,EO-BDV-002,+91-9848011004,PS-BDV-002
Venkateswara Rao,vvenkat.plv001@evm.gov.in,Officer@12345,EO-PLV-001,+91-9848011005,PS-PLV-001
Anand Mohan Reddy,anand.plv002@evm.gov.in,Officer@12345,EO-PLV-002,+91-9848011006,PS-PLV-002
Srinivasulu Chetty,srinivas.prd001@evm.gov.in,Officer@12345,EO-PRD-001,+91-9848011007,PS-PRD-001
Kishore Kumar,kishore.prd002@evm.gov.in,Officer@12345,EO-PRD-002,+91-9848011008,PS-PRD-002
Abdul Rasheed Khan,arasheed.krn001@evm.gov.in,Officer@12345,EO-KRN-001,+91-9848011009,PS-KRN-001
Maheshwar Reddy,mahesh.krn002@evm.gov.in,Officer@12345,EO-KRN-002,+91-9848011010,PS-KRN-002
Mohammed Shafi,mshafi.adn001@evm.gov.in,Officer@12345,EO-ADN-001,+91-9848011011,PS-ADN-001
Vijaya Bhaskar,vijay.adn002@evm.gov.in,Officer@12345,EO-ADN-002,+91-9848011012,PS-ADN-002
Raghunath Swamy,raghu.ymg001@evm.gov.in,Officer@12345,EO-YMG-001,+91-9848011013,PS-YMG-001
Prabhakar Goud,prabhakar.ymg002@evm.gov.in,Officer@12345,EO-YMG-002,+91-9848011014,PS-YMG-002
Subba Rayudu,subba.ndl001@evm.gov.in,Officer@12345,EO-NDL-001,+91-9848011015,PS-NDL-001
Chandra Sekhar,chandra.ndl002@evm.gov.in,Officer@12345,EO-NDL-002,+91-9848011016,PS-NDL-002
Krishna Murthy,kmurthy.tpt001@evm.gov.in,Officer@12345,EO-TPT-001,+91-9848011017,PS-TPT-001
Padmavathi Devi,padma.tpt002@evm.gov.in,Officer@12345,EO-TPT-002,+91-9848011018,PS-TPT-002
Narasimha Murthy,nmurthy.cdg001@evm.gov.in,Officer@12345,EO-CDG-001,+91-9848011019,PS-CDG-001
Govinda Rajulu,govind.cdg002@evm.gov.in,Officer@12345,EO-CDG-002,+91-9848011020,PS-CDG-002
Subramanyam Sastri,subramanyam.skh001@evm.gov.in,Officer@12345,EO-SKH-001,+91-9848011021,PS-SKH-001
Ganesh Naidu,ganesh.skh002@evm.gov.in,Officer@12345,EO-SKH-002,+91-9848011022,PS-SKH-002
Saravanan Pillai,saravanan.ngr001@evm.gov.in,Officer@12345,EO-NGR-001,+91-9848011023,PS-NGR-001
Balaji Varma,balaji.ngr002@evm.gov.in,Officer@12345,EO-NGR-002,+91-9848011024,PS-NGR-002
Kondal Rao,kondal.bdv003@evm.gov.in,Officer@12345,EO-BDV-003,+91-9848011025,BD-TN01-001
Obula Reddy,obula.bdv004@evm.gov.in,Officer@12345,EO-BDV-004,+91-9848011026,BD-PO01-001
Ramanjaneyulu,ramanjaneyulu.bdv005@evm.gov.in,Officer@12345,EO-BDV-005,+91-9848011027,BD-BK01-001
Prasad Raju,prasad.myd001@evm.gov.in,Officer@12345,EO-MYD-001,+91-9848011028,MY-TW01-001
Devaiah Swamy,devaiah.myd002@evm.gov.in,Officer@12345,EO-MYD-002,+91-9848011029,MY-ND01-002
Sivashankar Reddy,sivashankar.myd003@evm.gov.in,Officer@12345,EO-MYD-003,+91-9848011030,MY-KJ01-003
